irsttNm,cmpnyNm,indutyNm,indutyCode
센텀시티일반산업단지,(주)이엔에이치프로덕션,애니메이션 영화 및 비디오물 제작업,
센텀시티일반산업단지,(강서우),비주거용 건물 임대업,
센텀시티일반산업단지,(강선영),비주거용 건물 임대업,
센텀시티일반산업단지,(강신순),비주거용 건물 임대업,
센텀시티일반산업단지,(권영숙),비주거용 건물 임대업,
센텀시티일반산업단지,(권영옥),비주거용 건물 임대업,
센텀시티일반산업단지,(권영희),비주거용 건물 임대업,
센텀시티일반산업단지,(김경영),비주거용 건물 임대업,
센텀시티일반산업단지,"(김경자, 박주영)",비주거용 건물 임대업,
센텀시티일반산업단지,(김경희),비주거용 건물 임대업,
센텀시티일반산업단지,(김덕모),비주거용 건물 임대업,
센텀시티일반산업단지,(김동옥),비주거용 건물 임대업,
센텀시티일반산업단지,(김미영),비주거용 건물 임대업,
센텀시티일반산업단지,(김보라),비주거용 건물 임대업,
센텀시티일반산업단지,(김선자),비주거용 건물 임대업,
센텀시티일반산업단지,(김성태),비주거용 건물 임대업,
센텀시티일반산업단지,(김소영),비주거용 건물 임대업,
센텀시티일반산업단지,(김순희),비주거용 건물 임대업,
센텀시티일반산업단지,(김연희),비주거용 건물 임대업,
센텀시티일반산업단지,(김영란),비주거용 건물 임대업,
센텀시티일반산업단지,(김영심),비주거용 건물 임대업,
센텀시티일반산업단지,(김영희),비주거용 건물 임대업,
센텀시티일반산업단지,(김용준),비주거용 건물 임대업,
센텀시티일반산업단지,(김은영),비주거용 건물 임대업,
센텀시티일반산업단지,(김의태),비주거용 건물 임대업,
센텀시티일반산업단지,(김정애),비주거용 건물 임대업,
센텀시티일반산업단지,(김정희),비주거용 건물 임대업,
센텀시티일반산업단지,(김진옥),비주거용 건물 임대업,
센텀시티일반산업단지,(김진희),비주거용 건물 임대업,
센텀시티일반산업단지,(김창년),비주거용 건물 임대업,
센텀시티일반산업단지,(김형진),비주거용 건물 임대업,
센텀시티일반산업단지,(김혜정),비주거용 건물 임대업,
센텀시티일반산업단지,(김홍길),비주거용 건물 임대업,
센텀시티일반산업단지,(남궁유),비주거용 건물 임대업,
센텀시티일반산업단지,(노재진),비주거용 건물 임대업,
센텀시티일반산업단지,(류학림),비주거용 건물 임대업,
센텀시티일반산업단지,(문정민),비주거용 건물 임대업,
센텀시티일반산업단지,(박명흠),비주거용 건물 임대업,
센텀시티일반산업단지,(박성수),컴퓨터시스템 통합 자문 및 구축 서비스업,
센텀시티일반산업단지,(박소설),비주거용 건물 임대업,
센텀시티일반산업단지,(박용득 외 1명),비주거용 건물 임대업,
센텀시티일반산업단지,(박정민),비주거용 건물 임대업,
센텀시티일반산업단지,(박정혜),비주거용 건물 임대업,
센텀시티일반산업단지,(박종춘),비주거용 건물 임대업,
센텀시티일반산업단지,(사)맑은도시,건축설계 및 관련 서비스업,
센텀시티일반산업단지,(사)부산국제건축문화제,기타 인문 및 사회과학 연구개발업 외 1 종,
센텀시티일반산업단지,(사)부산국제광고제조직위원회,광고 대행업,
센텀시티일반산업단지,(사)부산디자인단체총연합회,인테리어 디자인업 외 3 종,
센텀시티일반산업단지,(사)부산콘텐츠마켓조직위원회,"영화, 비디오물 및 방송프로그램 제작 관련 서비스업",
센텀시티일반산업단지,(사)한국능률협회,직원훈련기관 외 2 종,
센텀시티일반산업단지,(사)한국디자인기업협회부경지회,인테리어 디자인업 외 3 종,
센텀시티일반산업단지,(사)한국발전연구원,시장조사 및 여론조사업,
센텀시티일반산업단지,(사단)부산경영자총협회,그 외 기타 분류 안된 교육기관,
센텀시티일반산업단지,(서덕수),비주거용 건물 임대업,
센텀시티일반산업단지,(서창석),비주거용 건물 임대업,
센텀시티일반산업단지,(성남순),비주거용 건물 임대업,
센텀시티일반산업단지,(손상기),비주거용 건물 임대업,
센텀시티일반산업단지,(신기현),비주거용 건물 임대업,
센텀시티일반산업단지,(신선옥),제품 디자인업,
센텀시티일반산업단지,(양원탁),비주거용 건물 임대업,
센텀시티일반산업단지,(여경희),비주거용 건물 임대업,
센텀시티일반산업단지,(여말임),비주거용 건물 임대업,
센텀시티일반산업단지,(여운),비주거용 건물 임대업,
센텀시티일반산업단지,(오서연),비주거용 건물 임대업,
센텀시티일반산업단지,(오치윤),비주거용 건물 임대업,
센텀시티일반산업단지,(유)다이아몬드브릿지,경영 컨설팅업,
센텀시티일반산업단지,(유)닥와이즈코리아,기타 엔지니어링 서비스업,
센텀시티일반산업단지,(유)세무법인일신 부산지점,경영 컨설팅업,
센텀시티일반산업단지,(유)시카코리아,기타 엔지니어링 서비스업,
센텀시티일반산업단지,(유)아르테,제품 디자인업,
센텀시티일반산업단지,(유)포스인터내셔널,비주거용 건물 임대업,
센텀시티일반산업단지,(유중식),비주거용 건물 임대업,
센텀시티일반산업단지,(윤성민),비주거용 건물 임대업,
센텀시티일반산업단지,(이남형),비주거용 건물 임대업,
센텀시티일반산업단지,(이동석),비주거용 건물 임대업,
센텀시티일반산업단지,(이동화),비주거용 건물 임대업,
센텀시티일반산업단지,(이명순),비주거용 건물 임대업,
센텀시티일반산업단지,(이상우),비주거용 건물 임대업,
센텀시티일반산업단지,(이선애),비주거용 건물 임대업,
센텀시티일반산업단지,(이숙자),경영 컨설팅업,
센텀시티일반산업단지,(이여란),경영 컨설팅업,
센텀시티일반산업단지,(이영한),비주거용 건물 임대업,
센텀시티일반산업단지,(이영희),비주거용 건물 임대업,
센텀시티일반산업단지,(이윤진),경영 컨설팅업,
센텀시티일반산업단지,(이재일),비주거용 건물 임대업 외 2 종,
센텀시티일반산업단지,(이정용),비주거용 건물 임대업,
센텀시티일반산업단지,(이정자),비주거용 건물 임대업,
센텀시티일반산업단지,(이정희),비주거용 건물 임대업,
센텀시티일반산업단지,(이주연),광고 대행업,
센텀시티일반산업단지,(이주희),비주거용 건물 임대업,
센텀시티일반산업단지,(이충실),비주거용 건물 임대업,
센텀시티일반산업단지,(이평환),비주거용 건물 임대업,
센텀시티일반산업단지,(이형근),비주거용 건물 임대업,
센텀시티일반산업단지,(이혜진),비주거용 건물 임대업,
센텀시티일반산업단지,(임경란),비주거용 건물 임대업,
센텀시티일반산업단지,(장득규),비주거용 건물 임대업,
센텀시티일반산업단지,(장은희),비주거용 건물 임대업,
센텀시티일반산업단지,"(장종선,차주혁)",비주거용 건물 임대업,
센텀시티일반산업단지,(재)부산극동방송,라디오 방송업,
센텀시티일반산업단지,(재)부산정보산업진흥원,전기ㆍ전자공학 연구개발업,
센텀시티일반산업단지,(재)부산창조경제혁신센터,경영 컨설팅업,
센텀시티일반산업단지,(재)부산테크노파크,기타 공학 연구개발업,
센텀시티일반산업단지,(재)지역경제분석연구원,경제 및 경영학 연구개발업,
센텀시티일반산업단지,(재)한국건설생활환경시험연구원,"기타 기술 시험, 검사 및 분석업",
센텀시티일반산업단지,(재)한국환경조사평가원,환경 관련 엔지니어링 서비스업,
센텀시티일반산업단지,(전선영),비주거용 건물 임대업,
센텀시티일반산업단지,(전유정),비주거용 건물 임대업,
센텀시티일반산업단지,(정남진),비주거용 건물 임대업,
센텀시티일반산업단지,(정수열),비주거용 건물 임대업,
센텀시티일반산업단지,(정우식),비주거용 건물 임대업,
센텀시티일반산업단지,(정혜숙),비주거용 건물 임대업,
센텀시티일반산업단지,(조광숙),비주거용 건물 임대업,
센텀시티일반산업단지,(조남원),비주거용 건물 임대업,
센텀시티일반산업단지,(조승현),비주거용 건물 임대업,
센텀시티일반산업단지,(주 )가스엔텍,기타 엔지니어링 서비스업,
센텀시티일반산업단지,(주) 금륜,기타 산업 회사 본부,
센텀시티일반산업단지,(주) 포유시스템,응용 소프트웨어 개발 및 공급업,
센텀시티일반산업단지,(주)3엠프론티어,비주거용 건물 임대업,
센텀시티일반산업단지,(주)HS프롭텍,시스템 소프트웨어 개발 및 공급업,
센텀시티일반산업단지,(주)KNN,기타 부동산 임대업 외 18 종,
센텀시티일반산업단지,(주)MBI컨소싱그룹,경영 컨설팅업,
센텀시티일반산업단지,(주)SBS,지상파 방송업,
센텀시티일반산업단지,(주)iKNN,포털 및 기타 인터넷 정보매개 서비스업 외 3 종,
센텀시티일반산업단지,(주)가가건축사사무소,건축설계 및 관련 서비스업,
센텀시티일반산업단지,(주)가나,"패션, 섬유류 및 기타 전문 디자인업",
센텀시티일반산업단지,(주)가디언,제품 디자인업,
센텀시티일반산업단지,(주)가람디자인,광고 대행업 외 1 종,
센텀시티일반산업단지,(주)가스팩,기타 엔지니어링 서비스업,
센텀시티일반산업단지,(주)가인테크,기타 엔지니어링 서비스업 외 1 종,
센텀시티일반산업단지,(주)감성플랜,그 외 기타 달리 분류되지 않은 제품 제조업 외 3 종,
센텀시티일반산업단지,(주)강봉천흡선 센텀지점,제품 디자인업,
센텀시티일반산업단지,(주)강산,도시계획 및 조경설계 서비스업,
센텀시티일반산업단지,(주)갭스앤디컴퍼니,경 인쇄업 외 4 종,
센텀시티일반산업단지,(주)건우엔지니어링건축사사무소,건축설계 및 관련 서비스업,
센텀시티일반산업단지,(주)건축사사무소앙코르,건축설계 및 관련 서비스업,
센텀시티일반산업단지,(주)건호엔지니어링,기타 엔지니어링 서비스업,
센텀시티일반산업단지,(주)경국,기타 엔지니어링 서비스업,
센텀시티일반산업단지,(주)경남종합조경건설,도시계획 및 조경설계 서비스업,
센텀시티일반산업단지,(주)경우머트리얼,기타 엔지니어링 서비스업,
센텀시티일반산업단지,(주)경인건축사사무소,건축설계 및 관련 서비스업,
센텀시티일반산업단지,(주)경한이앤씨,기타 엔지니어링 서비스업,
센텀시티일반산업단지,(주)골든블루,제조업 회사 본부,
센텀시티일반산업단지,(주)골든컴퍼스,경영 컨설팅업,
센텀시티일반산업단지,(주)곳간 센텀시티,응용 소프트웨어 개발 및 공급업 외 1 종,
센텀시티일반산업단지,(주)공간몬스터,응용 소프트웨어 개발 및 공급업,
센텀시티일반산업단지,(주)공간조경,도시계획 및 조경설계 서비스업,
센텀시티일반산업단지,(주)공백에스앤엠,광고 대행업,
센텀시티일반산업단지,(주)광일하이텍,건물 및 토목 엔지니어링 서비스업,
센텀시티일반산업단지,(주)교동,응용 소프트웨어 개발 및 공급업,
센텀시티일반산업단지,(주)구상설계종합건축사사무소,건축설계 및 관련 서비스업,
센텀시티일반산업단지,(주)구연건축사사무소,건축설계 및 관련 서비스업,
센텀시티일반산업단지,(주)그래코퍼레이션,광고 대행업,
센텀시티일반산업단지,(주)그룹한 어소시에이트,"패션, 섬유류 및 기타 전문 디자인업",
센텀시티일반산업단지,(주)그린마리타임,기타 엔지니어링 서비스업,
센텀시티일반산업단지,(주)그린브릿지,기타 엔지니어링 서비스업,
센텀시티일반산업단지,(주)그린스토어,경영 컨설팅업,
센텀시티일반산업단지,(주)그린에스엠,기타 엔지니어링 서비스업,
센텀시티일반산업단지,(주)그린오일,기타 엔지니어링 서비스업,
센텀시티일반산업단지,(주)그린전산,제조업 회사 본부,
센텀시티일반산업단지,(주)그린테크시스템,경영 컨설팅업,
센텀시티일반산업단지,(주)그린테크아이앤씨,"물질 검사, 측정 및 분석기구 제조업 외 1 종",
센텀시티일반산업단지,(주)글로벌금융판매,응용 소프트웨어 개발 및 공급업,
센텀시티일반산업단지,(주)글로벌씰링시스템,제품 디자인업,
센텀시티일반산업단지,(주)글로벌얼라이언스,데이터베이스 및 온라인정보 제공업 외 2 종,
센텀시티일반산업단지,(주)글로벌엔씨,"레이더, 항행용 무선기기 및 측량기구 제조업 외 5 종",
센텀시티일반산업단지,(주)글로벌타이드,번역 및 통역 서비스업,
센텀시티일반산업단지,(주)금양통신,경영 컨설팅업,
센텀시티일반산업단지,(주)금해종합건설,도시계획 및 조경설계 서비스업,
센텀시티일반산업단지,(주)금호테크,기타 엔지니어링 서비스업,
센텀시티일반산업단지,(주)금화이엔지,기타 엔지니어링 서비스업,
센텀시티일반산업단지,(주)기독교복음방송,응용 소프트웨어 개발 및 공급업,
센텀시티일반산업단지,(주)길민건설,도시계획 및 조경설계 서비스업,
센텀시티일반산업단지,(주)김목수이야기,인테리어 디자인업,
센텀시티일반산업단지,(주)까뮤디자인,인테리어 디자인업,
센텀시티일반산업단지,(주)깜인메이드,비주거용 건물 임대업,
센텀시티일반산업단지,(주)나스,응용 소프트웨어 개발 및 공급업,
센텀시티일반산업단지,(주)나우이엔지건축사사무소,건물 및 토목 엔지니어링 서비스업 외 1 종,
센텀시티일반산업단지,(주)나원에듀케이션 센텀그린타워,비주거용 건물 임대업,
센텀시티일반산업단지,(주)나음(해운대),비주거용 건물 임대업,
센텀시티일반산업단지,(주)나이스에너지,기타 엔지니어링 서비스업,
센텀시티일반산업단지,(주)나이스에너지엔지니어링,기타 엔지니어링 서비스업,
센텀시티일반산업단지,(주)나진씨앤디,경영 컨설팅업,
센텀시티일반산업단지,(주)네오플레닝,광고 대행업,
센텀시티일반산업단지,(주)네트컴정보통신,기타 산업 회사 본부,
센텀시티일반산업단지,(주)넥스트스테이지,기타 게임 소프트웨어 개발 및 공급업,
센텀시티일반산업단지,(주)넵튠엔지니어링,기타 엔지니어링 서비스업,
센텀시티일반산업단지,(주)노버스메이,응용 소프트웨어 개발 및 공급업,
센텀시티일반산업단지,(주)누리앤소방전기안전,기타 엔지니어링 서비스업,
센텀시티일반산업단지,(주)뉴라이즌,기타 산업 회사 본부,
센텀시티일반산업단지,(주)뉴텍,제품 디자인업,
센텀시티일반산업단지,(주)늘푸른정보기술,컴퓨터 제조업 외 1 종,
센텀시티일반산업단지,(주)니더,응용 소프트웨어 개발 및 공급업,
센텀시티일반산업단지,(주)니즈텔레콤,응용 소프트웨어 개발 및 공급업,
센텀시티일반산업단지,(주)다리스,데이터베이스 및 온라인정보 제공업 외 2 종,
센텀시티일반산업단지,(주)다솜케어,경영 컨설팅업 외 1 종,
센텀시티일반산업단지,(주)다스카손해사정화재해상,시스템 소프트웨어 개발 및 공급업,
센텀시티일반산업단지,(주)다안디자인,기타 산업 회사 본부,
센텀시티일반산업단지,(주)다움건축종합건축사사무소,비주거용 건물 임대업,
센텀시티일반산업단지,(주)다움기술,시스템 소프트웨어 개발 및 공급업,
센텀시티일반산업단지,(주)다윈테크코리아,비주거용 건물 임대업,
센텀시티일반산업단지,(주)다이나믹테크,응용 소프트웨어 개발 및 공급업,
센텀시티일반산업단지,(주)다이나믹테크 큐비지점,비주거용 건물 임대업,
센텀시티일반산업단지,(주)다이렉트컴즈,광고 대행업,
센텀시티일반산업단지,(주)다이아컴퍼니,경영 컨설팅업,
센텀시티일반산업단지,(주)다코스,기타 엔지니어링 서비스업,
센텀시티일반산업단지,(주)다통,건물 및 토목 엔지니어링 서비스업,
센텀시티일반산업단지,(주)다혜,통신 재판매업,
센텀시티일반산업단지,(주)닥터스팹,응용 소프트웨어 개발 및 공급업,
센텀시티일반산업단지,(주)단군비즈,경영 컨설팅업,
센텀시티일반산업단지,(주)단디코리아,경영 컨설팅업,
센텀시티일반산업단지,(주)담아페이먼츠,시스템 소프트웨어 개발 및 공급업,
센텀시티일반산업단지,(주)대경산업개발  벽산지점,비주거용 건물 임대업,
센텀시티일반산업단지,(주)대경산업개발 KNN지점,비주거용 건물 임대업,
센텀시티일반산업단지,(주)대경산업개발 비즈지점,비주거용 건물 임대업,
센텀시티일반산업단지,(주)대경산업개발 티타워지점,비주거용 건물 임대업,
센텀시티일반산업단지,(주)대교,기타 산업 회사 본부,
센텀시티일반산업단지,(주)대륜,응용 소프트웨어 개발 및 공급업,
센텀시티일반산업단지,(주)대성씨.피엔지니어링,기타 엔지니어링 서비스업,
센텀시티일반산업단지,(주)대승인터컴,기타 게임 소프트웨어 개발 및 공급업,
센텀시티일반산업단지,(주)대신산업관리,경영 컨설팅업,
센텀시티일반산업단지,(주)대영아이오티,기타 산업 회사 본부,
센텀시티일반산업단지,(주)대운물산,번역 및 통역 서비스업,
센텀시티일반산업단지,(주)대원로지피아,기타 산업 회사 본부,
센텀시티일반산업단지,(주)대한기술단,인테리어 디자인업,
센텀시티일반산업단지,(주)대한인더스트리,컴퓨터시스템 통합 자문 및 구축 서비스업,
센텀시티일반산업단지,(주)대홍기획 부산지사,기타 산업 회사 본부,
센텀시티일반산업단지,(주)더벤티코리아,경영 컨설팅업,
센텀시티일반산업단지,(주)더블린,비주거용 건물 임대업,
센텀시티일반산업단지,(주)더블미디어,기타 산업 회사 본부,
센텀시티일반산업단지,(주)더블오,컴퓨터 프로그래밍 서비스업,
센텀시티일반산업단지,(주)더블유어바웃,경영 컨설팅업,
센텀시티일반산업단지,(주)더블유에스아이,경영 컨설팅업,
센텀시티일반산업단지,(주)더블유엠컨설팅,경영 컨설팅업,
센텀시티일반산업단지,(주)더블유엠프렌즈,비주거용 건물 임대업,
센텀시티일반산업단지,(주)더썸,응용 소프트웨어 개발 및 공급업,
센텀시티일반산업단지,(주)더엠그룹,광고 대행업,
센텀시티일반산업단지,(주)더웹스,시스템 소프트웨어 개발 및 공급업 외 1 종,
센텀시티일반산업단지,(주)더이노스틸,경영 컨설팅업,
센텀시티일반산업단지,(주)더재무컨설팅,경영 컨설팅업 외 1 종,
센텀시티일반산업단지,(주)더존비즈온 부산지사,응용 소프트웨어 개발 및 공급업 외 1 종,
센텀시티일반산업단지,(주)더케이커뮤니케이션즈,광고 대행업,
센텀시티일반산업단지,(주)더쿠,광고 대행업,
센텀시티일반산업단지,(주)더큐브디앤씨,경영 컨설팅업,
센텀시티일반산업단지,(주)더클라세움,그 외 기타 분류 안된 교육기관,
센텀시티일반산업단지,(주)더탑커뮤니케이션즈,광고 대행업,
센텀시티일반산업단지,(주)더투어네트웍스,데이터베이스 및 온라인정보 제공업 외 2 종,
센텀시티일반산업단지,(주)더편한펀딩대부,경영 컨설팅업,
센텀시티일반산업단지,(주)더프리즘,광고 대행업,
센텀시티일반산업단지,(주)덕명,응용 소프트웨어 개발 및 공급업,
센텀시티일반산업단지,(주)덕성메탈라이저,그 외 기타 전자부품 제조업 외 1 종,
센텀시티일반산업단지,(주)데이타뱅크시스템즈,컴퓨터시스템 통합 자문 및 구축 서비스업,
센텀시티일반산업단지,(주)데이터에듀,데이터베이스 및 온라인정보 제공업 외 2 종,
센텀시티일반산업단지,(주)데코마린,기타 엔지니어링 서비스업,
센텀시티일반산업단지,(주)도명티엘에스,비주거용 건물 임대업,
센텀시티일반산업단지,(주)도시만들기 코리아,경영 컨설팅업,
센텀시티일반산업단지,(주)도영종합건설,인테리어 디자인업,
센텀시티일반산업단지,(주)동남리서치,시장조사 및 여론조사업,
센텀시티일반산업단지,(주)동부애드컴,광고 대행업,
센텀시티일반산업단지,(주)동부회원권,기타 산업 회사 본부,
센텀시티일반산업단지,(주)동성트레이,비주거용 건물 임대업,
센텀시티일반산업단지,(주)동신인터내셔날,제품 디자인업,
센텀시티일반산업단지,(주)동아이엔씨,비주거용 건물 임대업,
센텀시티일반산업단지,(주)동양시설안전연구소,조경 관리 및 유지 서비스업,
센텀시티일반산업단지,(주)동양종합기술공사,물질성분 검사 및 분석업,
센텀시티일반산업단지,(주)동이개발,도시계획 및 조경설계 서비스업,
센텀시티일반산업단지,(주)동인,제조업 회사 본부,
센텀시티일반산업단지,(주)동인시스템,응용 소프트웨어 개발 및 공급업,
센텀시티일반산업단지,(주)동진콘테이너,비주거용 건물 임대업,
센텀시티일반산업단지,(주)동창주택,경영 컨설팅업,
센텀시티일반산업단지,(주)동풍무역,비주거용 건물 임대업,
센텀시티일반산업단지,(주)동화켐텍,경영 컨설팅업,
센텀시티일반산업단지,(주)두드림디자인,인테리어 디자인업,
센텀시티일반산업단지,(주)두리안정보기술,기타 산업 회사 본부,
센텀시티일반산업단지,(주)두산에이치에프컨트롤스아시아,기기용 자동측정 및 제어장치 제조업,
센텀시티일반산업단지,(주)두연 센텀지점,비주거용 건물 임대업,
센텀시티일반산업단지,(주)두온엔지니어링,기타 엔지니어링 서비스업,
센텀시티일반산업단지,(주)두원산전,제조업 회사 본부,
센텀시티일반산업단지,(주)듀플렉스월드,유선 통신업 외 1 종,
센텀시티일반산업단지,(주)드림커넥팅테크,경영 컨설팅업,
센텀시티일반산업단지,(주)드림코리아,광고 대행업,
센텀시티일반산업단지,(주)드림핸즈,응용 소프트웨어 개발 및 공급업,
센텀시티일반산업단지,(주)디브레인,인테리어 디자인업,
센텀시티일반산업단지,(주)디스플레이알씨에이치,제조업 회사 본부,
센텀시티일반산업단지,(주)디아이앤씨,응용 소프트웨어 개발 및 공급업,
센텀시티일반산업단지,(주)디아이이엔지,기타 엔지니어링 서비스업,
센텀시티일반산업단지,(주)디알테크아이앤씨,응용 소프트웨어 개발 및 공급업,
센텀시티일반산업단지,(주)디앤에이치밸류,비주거용 건물 임대업,
센텀시티일반산업단지,(주)디에스구조엔지니어링,건물 및 토목 엔지니어링 서비스업,
센텀시티일반산업단지,(주)디에스내진보강공사,비주거용 건물 임대업,
센텀시티일반산업단지,(주)디에스대부,경영 컨설팅업,
센텀시티일반산업단지,(주)디에스랩,컴퓨터시스템 통합 자문 및 구축 서비스업,
센텀시티일반산업단지,(주)디에스인터내셔널,비주거용 건물 임대업,
센텀시티일반산업단지,(주)디에스케미칼,경영 컨설팅업,
센텀시티일반산업단지,(주)디에이씨테크,기기용 자동측정 및 제어장치 제조업,
센텀시티일반산업단지,(주)디에이종합건설 센텀시티점,비주거용 건물 임대업,
센텀시티일반산업단지,(주)디에이치홀딩스,광고 대행업,
센텀시티일반산업단지,(주)디엔디이,기타 기관 및 터빈 제조업 외 1 종,
센텀시티일반산업단지,(주)디엔제이개발,경영 컨설팅업,
센텀시티일반산업단지,(주)디엠쉽핑,기타 엔지니어링 서비스업 외 1 종,
센텀시티일반산업단지,(주)디엠종합건축사사무소,건축설계 및 관련 서비스업,
센텀시티일반산업단지,(주)디오,치과기공물 제조업 외 2 종,
센텀시티일반산업단지,(주)디오메디케어,의학 및 약학 연구개발업,
센텀시티일반산업단지,(주)디오에스,"패션, 섬유류 및 기타 전문 디자인업",
센텀시티일반산업단지,(주)디와이글로벌,데이터베이스 및 온라인정보 제공업 외 2 종,
센텀시티일반산업단지,(주)디와이씨 인터내셔날,가죽의복 제조업,
센텀시티일반산업단지,(주)디와이포리켐,"물리, 화학 및 생물학 연구개발업",
센텀시티일반산업단지,(주)디자인문,비주거용 건물 임대업,
센텀시티일반산업단지,(주)디자인스튜디오베타,광고 대행업,
센텀시티일반산업단지,(주)디자인스푼,시각 디자인업,
센텀시티일반산업단지,(주)디자인쿠키,시각 디자인업 외 1 종,
센텀시티일반산업단지,(주)디자인플랜트,비주거용 건물 임대업,
센텀시티일반산업단지,(주)디케이스튜디오,"영화, 비디오물 및 방송프로그램 배급업",
센텀시티일반산업단지,(주)디테일코리아,제품 디자인업,
센텀시티일반산업단지,(주)디파츠,광고 대행업,
센텀시티일반산업단지,(주)디파츠 부산지점,광고 대행업,
센텀시티일반산업단지,(주)디피오코리아,비주거용 건물 임대업,
센텀시티일반산업단지,(주)딜리버드코리아,응용 소프트웨어 개발 및 공급업,
센텀시티일반산업단지,(주)라온엑스솔루션즈,응용 소프트웨어 개발 및 공급업,
센텀시티일반산업단지,(주)라이즈비엠,기타 엔지니어링 서비스업 외 1 종,
센텀시티일반산업단지,(주)라이프워시퍼,기타 산업 회사 본부,
센텀시티일반산업단지,(주)라인브릿지,경영 컨설팅업,
센텀시티일반산업단지,(주)라카홀딩스,기타 산업 회사 본부,
센텀시티일반산업단지,(주)럭스브라더,경영 컨설팅업,
센텀시티일반산업단지,(주)레스코,제조업 회사 본부,
센텀시티일반산업단지,(주)레오인베스트먼트,경영 컨설팅업,
센텀시티일반산업단지,(주)레이첼스,기타 엔지니어링 서비스업,
센텀시티일반산업단지,(주)렉스시스템,산업처리공정 제어장비 제조업,
센텀시티일반산업단지,(주)로아팩토리,응용 소프트웨어 개발 및 공급업,
센텀시티일반산업단지,(주)로얄,경영 컨설팅업,
센텀시티일반산업단지,(주)로하,컴퓨터 프로그래밍 서비스업,
센텀시티일반산업단지,(주)롱텀,응용 소프트웨어 개발 및 공급업,
센텀시티일반산업단지,(주)루덴스컨벤션,"전시, 컨벤션 및 행사 대행업",
센텀시티일반산업단지,(주)루스코,기타 엔지니어링 서비스업,
센텀시티일반산업단지,(주)루트로닉,제조업 회사 본부,
센텀시티일반산업단지,(주)루프스탁,응용 소프트웨어 개발 및 공급업,
센텀시티일반산업단지,(주)리디아뉴미즈매틱컬렉션코리아,경영 컨설팅업,
센텀시티일반산업단지,(주)리디움,"패션, 섬유류 및 기타 전문 디자인업",
센텀시티일반산업단지,(주)리메탈산업,경영 컨설팅업,
센텀시티일반산업단지,(주)리서치앤에이치디,경제 및 경영학 연구개발업,
센텀시티일반산업단지,(주)리소코리아,응용 소프트웨어 개발 및 공급업,
센텀시티일반산업단지,(주)리앤쉽핑,경영 컨설팅업 외 1 종,
센텀시티일반산업단지,(주)리앤웍스,광고 대행업,
센텀시티일반산업단지,(주)리앤컴퍼니,경영 컨설팅업,
센텀시티일반산업단지,(주)리얼시큐,컴퓨터 제조업 외 1 종,
센텀시티일반산업단지,(주)리얼허브,응용 소프트웨어 개발 및 공급업,
센텀시티일반산업단지,(주)리치코리아,비주거용 건물 임대업,
센텀시티일반산업단지,(주)리커시브소프트,비주거용 건물 임대업,
센텀시티일반산업단지,(주)리컨벤션,"전시, 컨벤션 및 행사 대행업",
센텀시티일반산업단지,(주)리콘,시스템 소프트웨어 개발 및 공급업,
센텀시티일반산업단지,(주)리한 건축사사무소,건축설계 및 관련 서비스업,
센텀시티일반산업단지,(주)리한건축사사무소,건축설계 및 관련 서비스업,
센텀시티일반산업단지,(주)링네트,컴퓨터시스템 통합 자문 및 구축 서비스업,
센텀시티일반산업단지,(주)마린테크인,비주거용 건물 임대업,
센텀시티일반산업단지,(주)마메종,인테리어 디자인업,
센텀시티일반산업단지,(주)마바산업,기타 산업 회사 본부,
센텀시티일반산업단지,(주)마상소프트,유선 온라인 게임 소프트웨어 개발 및 공급업 외 1 종,
센텀시티일반산업단지,(주)마이다스아이티,응용 소프트웨어 개발 및 공급업 외 1 종,
센텀시티일반산업단지,(주)마이더스아이엔씨,경영 컨설팅업,
센텀시티일반산업단지,(주)마이비,데이터베이스 및 온라인정보 제공업 외 3 종,
센텀시티일반산업단지,(주)마이스플랜즈,비주거용 건물 임대업,
센텀시티일반산업단지,(주)마이크로팜,시스템 소프트웨어 개발 및 공급업,
센텀시티일반산업단지,(주)마인드맵코리아,교과서 및 학습서적 출판업,
센텀시티일반산업단지,(주)마킹서비스코리아,경영 컨설팅업,
센텀시티일반산업단지,(주)만대건설,환경 관련 엔지니어링 서비스업,
센텀시티일반산업단지,(주)매사,응용 소프트웨어 개발 및 공급업,
센텀시티일반산업단지,(주)매직큐브,유선 온라인 게임 소프트웨어 개발 및 공급업 외 1 종,
센텀시티일반산업단지,(주)매크로이빈,비메모리용 및 기타 전자집적회로 제조업 외 5 종,
센텀시티일반산업단지,(주)맥서러씨,남자용 겉옷 제조업 외 12 종,
센텀시티일반산업단지,(주)맥스원,비주거용 건물 임대업,
센텀시티일반산업단지,(주)맥한상사,기타 공학 연구개발업 외 1 종,
센텀시티일반산업단지,(주)메라클,응용 소프트웨어 개발 및 공급업,
센텀시티일반산업단지,(주)메이텍엔지니어링,환경 관련 엔지니어링 서비스업 외 1 종,
센텀시티일반산업단지,(주)메종드셀린느,경영 컨설팅업,
센텀시티일반산업단지,(주)메트로아이.디해운대점,비주거용 건물 임대업,
센텀시티일반산업단지,(주)멘티스,그 외 기타 의료용 기기 제조업,
센텀시티일반산업단지,(주)명진TSR센텀2사무소,비주거용 건물 임대업,
센텀시티일반산업단지,(주)명진TSR센텀사무소,비주거용 건물 임대업,
센텀시티일반산업단지,(주)명진기업,응용 소프트웨어 개발 및 공급업,
센텀시티일반산업단지,(주)모노플랜,비주거용 건물 임대업,
센텀시티일반산업단지,(주)모던미,제품 디자인업,
센텀시티일반산업단지,(주)모던씨엔에스,경영 컨설팅업,
센텀시티일반산업단지,(주)모두랑식품,비주거용 건물 임대업,
센텀시티일반산업단지,(주)모두텔,기타 무선 통신장비 제조업,
센텀시티일반산업단지,(주)모카,광고 대행업,
센텀시티일반산업단지,(주)무사시노마린앤 오프쇼어코리아,기타 엔지니어링 서비스업,
센텀시티일반산업단지,(주)문구조이엔지,건물 및 토목 엔지니어링 서비스업,
센텀시티일반산업단지,(주)문두스로지텍,기타 엔지니어링 서비스업,
센텀시티일반산업단지,(주)문창,지질 조사 및 탐사업,
센텀시티일반산업단지,(주)미뉴텍,경영 컨설팅업,
센텀시티일반산업단지,(주)미당에스엔에프,경영 컨설팅업,
센텀시티일반산업단지,(주)미디어교차로,경영 컨설팅업,
센텀시티일반산업단지,(주)미디어크리에이트,광고 대행업,
센텀시티일반산업단지,(주)미래마린텍,기타 엔지니어링 서비스업,
센텀시티일반산업단지,(주)미래에스앤에스,응용 소프트웨어 개발 및 공급업,
센텀시티일반산업단지,(주)미래이노텍,환경 관련 엔지니어링 서비스업,
센텀시티일반산업단지,(주)미래정보기술,응용 소프트웨어 개발 및 공급업,
센텀시티일반산업단지,(주)미래지앤씨,기타 엔지니어링 서비스업,
센텀시티일반산업단지,(주)미성하우스,인테리어 디자인업,
센텀시티일반산업단지,(주)미소엔지니어링건축사사무소,건축설계 및 관련 서비스업,
센텀시티일반산업단지,(주)미스터멘션,포털 및 기타 인터넷 정보매개 서비스업,
센텀시티일반산업단지,(주)민스크,비주거용 건물 임대업,
센텀시티일반산업단지,(주)바램인터렉티브,컴퓨터 프로그래밍 서비스업,
센텀시티일반산업단지,(주)바슈롬코리아,제조업 회사 본부,
센텀시티일반산업단지,(주)바우트레이더스 센텀지점,인테리어 디자인업,
센텀시티일반산업단지,(주)바이맘,제품 디자인업,
센텀시티일반산업단지,(주)바이오가닉스,제품 디자인업,
센텀시티일반산업단지,(주)바이오닉스,기타 산업 회사 본부,
센텀시티일반산업단지,(주)바티칸,비주거용 건물 임대업,
센텀시티일반산업단지,(주)반도텍,비주거용 건물 임대업,
센텀시티일반산업단지,(주)백본파트너스,경영 컨설팅업,
센텀시티일반산업단지,(주)백산건설,건물 및 토목 엔지니어링 서비스업,
센텀시티일반산업단지,(주)백산해운,기타 엔지니어링 서비스업,
센텀시티일반산업단지,(주)백송디앤씨,도시계획 및 조경설계 서비스업 외 1 종,
센텀시티일반산업단지,(주)백송종합건설,도시계획 및 조경설계 서비스업,
센텀시티일반산업단지,(주)밸류어블인,경영 컨설팅업 외 1 종,
센텀시티일반산업단지,(주)뱅크다이어리,데이터베이스 및 온라인정보 제공업 외 2 종,
센텀시티일반산업단지,(주)범미르,데이터베이스 및 온라인정보 제공업 외 2 종,
센텀시티일반산업단지,(주)법률쇼핑,광고 대행업,
센텀시티일반산업단지,(주)베덱,경영 컨설팅업,
센텀시티일반산업단지,(주)베르온,포털 및 기타 인터넷 정보매개 서비스업,
센텀시티일반산업단지,(주)베스트엔터테인먼트,광고 대행업,
센텀시티일반산업단지,(주)벨류체인,경영 컨설팅업,
센텀시티일반산업단지,(주)보강하이텍,기타 무선 통신장비 제조업 외 1 종,
센텀시티일반산업단지,(주)보령바이오파마,제조업 회사 본부,
센텀시티일반산업단지,(주)보산 그리드랩,비주거용 건물 임대업,
센텀시티일반산업단지,(주)보성기업,인테리어 디자인업 외 2 종,
센텀시티일반산업단지,(주)보은금속,제조업 회사 본부,
센텀시티일반산업단지,(주)본정보 부산지사,응용 소프트웨어 개발 및 공급업,
센텀시티일반산업단지,(주)부경,"전시, 컨벤션 및 행사 대행업",
센텀시티일반산업단지,(주)부경메탈,비주거용 건물 임대업,
센텀시티일반산업단지,(주)부경비디에스,비주거용 건물 임대업,
센텀시티일반산업단지,(주)부경비디에스 해운대지점,비주거용 건물 임대업,
센텀시티일반산업단지,(주)부경산업기술 재송동지점,비주거용 건물 임대업,
센텀시티일반산업단지,(주)부길컴퍼니,비주거용 건물 임대업,
센텀시티일반산업단지,(주)부산건축종합건축사사무소,건축설계 및 관련 서비스업,
센텀시티일반산업단지,(주)부산정철학원,데이터베이스 및 온라인정보 제공업 외 2 종,
센텀시티일반산업단지,(주)부산프로덕션,비주거용 건물 임대업,
센텀시티일반산업단지,(주)부성이엔씨,기타 엔지니어링 서비스업,
센텀시티일반산업단지,(주)부영산업,건물 및 토목 엔지니어링 서비스업,
센텀시티일반산업단지,(주)부일인스텍,"기타 측정, 시험, 항해, 제어 및 정밀기기 제조업",
센텀시티일반산업단지,(주)브레인힐,기타 주변기기 제조업 외 1 종,
센텀시티일반산업단지,(주)브이엠에스,기타 엔지니어링 서비스업,
센텀시티일반산업단지,(주)블랭크페이지스튜디오,만화 출판업,
센텀시티일반산업단지,(주)블루코어컴퍼니,그 외 기타 의료용 기기 제조업 외 1 종,
센텀시티일반산업단지,(주)블루햇,컴퓨터 제조업 외 1 종,
센텀시티일반산업단지,(주)비스퀘어,경영 컨설팅업,
센텀시티일반산업단지,(주)비앤지디엠씨,광고 대행업,
센텀시티일반산업단지,(주)비앰아이 부산지점,비주거용 건물 임대업,
센텀시티일반산업단지,(주)비에스디앤씨,도시계획 및 조경설계 서비스업,
센텀시티일반산업단지,(주)비에스에스,경영 컨설팅업,
센텀시티일반산업단지,(주)비에스인터내셔널,경영 컨설팅업,
센텀시티일반산업단지,(주)비에스테크,기타 엔지니어링 서비스업,
센텀시티일반산업단지,(주)비엑스플러스,"영화, 비디오물 및 방송프로그램 제작 관련 서비스업",
센텀시티일반산업단지,(주)비엔티,기타 무선 통신장비 제조업 외 4 종,
센텀시티일반산업단지,(주)비엠씨이노텍,광고 영화 및 비디오물 제작업,
센텀시티일반산업단지,(주)비오메리으코리아,시장조사 및 여론조사업,
센텀시티일반산업단지,(주)비유비즈,응용 소프트웨어 개발 및 공급업,
센텀시티일반산업단지,(주)비전테크,응용 소프트웨어 개발 및 공급업,
센텀시티일반산업단지,(주)비즈폼,포털 및 기타 인터넷 정보매개 서비스업,
센텀시티일반산업단지,(주)비지에프리테일,기타 산업 회사 본부,
센텀시티일반산업단지,(주)비케이트레이딩,광고 대행업,
센텀시티일반산업단지,(주)비케이파트너스,경영 컨설팅업,
센텀시티일반산업단지,(주)비케이홀딩스,경영 컨설팅업,
센텀시티일반산업단지,(주)비투맥스,컴퓨터 프로그래밍 서비스업,
센텀시티일반산업단지,(주)비트나인,시스템 소프트웨어 개발 및 공급업,
센텀시티일반산업단지,(주)비티에스,경영 컨설팅업,
센텀시티일반산업단지,(주)빅토리금융컨설팅,경영 컨설팅업,
센텀시티일반산업단지,(주)빠삭,응용 소프트웨어 개발 및 공급업,
센텀시티일반산업단지,(주)사운드리더,컴퓨터 프로그래밍 서비스업,
센텀시티일반산업단지,(주)산타,"전시, 컨벤션 및 행사 대행업",
센텀시티일반산업단지,(주)삼문사,경영 컨설팅업 외 1 종,
센텀시티일반산업단지,(주)삼백테크놀로지,비주거용 건물 임대업,
센텀시티일반산업단지,(주)삼보기술단,건물 및 토목 엔지니어링 서비스업,
센텀시티일반산업단지,(주)삼성그린에너지,메모리용 전자집적회로 제조업 외 1 종,
센텀시티일반산업단지,(주)삼아에코빌,기타 엔지니어링 서비스업,
센텀시티일반산업단지,(주)삼양알앤피,비주거용 건물 임대업,
센텀시티일반산업단지,(주)삼우이머션,기타 무선 통신장비 제조업 외 1 종,
센텀시티일반산업단지,(주)삼우이엔씨,기타 엔지니어링 서비스업,
센텀시티일반산업단지,(주)삼원기업 해운대지점,옥외 광고업,
센텀시티일반산업단지,(주)삼정이엔씨,기타 엔지니어링 서비스업,
센텀시티일반산업단지,(주)삼정폴리머,제품 디자인업,
센텀시티일반산업단지,(주)삼쩜일사,인형 및 장난감 제조업 외 3 종,
센텀시티일반산업단지,(주)삼화코리아,경영 컨설팅업 외 1 종,
센텀시티일반산업단지,(주)삼희테크,기타 부동산 임대업,
센텀시티일반산업단지,(주)새마,기타 엔지니어링 서비스업,
센텀시티일반산업단지,(주)샵프렌즈,경영 컨설팅업,
센텀시티일반산업단지,(주)서광시스템,기타 산업 회사 본부,
센텀시티일반산업단지,(주)서미트오일앤트레이딩,기타 엔지니어링 서비스업,
센텀시티일반산업단지,(주)서밋앤파트너스,경영 컨설팅업,
센텀시티일반산업단지,(주)서전텔콤,기록매체 복제업 외 1 종,
센텀시티일반산업단지,(주)서진악세스,경영 컨설팅업 외 1 종,
센텀시티일반산업단지,(주)서클프롬닷,기타 게임 소프트웨어 개발 및 공급업,
센텀시티일반산업단지,(주)서현패션,여자용 겉옷 제조업,
센텀시티일반산업단지,(주)선우플랜트엔지니어링,기타 엔지니어링 서비스업,
센텀시티일반산업단지,(주)선인프라 부산지점,응용 소프트웨어 개발 및 공급업,
센텀시티일반산업단지,(주)선일이엔씨,도시계획 및 조경설계 서비스업 외 4 종,
센텀시티일반산업단지,(주)선진기술엔지니어링,건물 및 토목 엔지니어링 서비스업,
센텀시티일반산업단지,(주)선진이엔지,기타 엔지니어링 서비스업,
센텀시티일반산업단지,(주)성신신소재,자연과학 및 공학 융합 연구개발업,
센텀시티일반산업단지,(주)성신하우징,건축설계 및 관련 서비스업,
센텀시티일반산업단지,(주)성우상사,경영 컨설팅업,
센텀시티일반산업단지,(주)성우상사 센텀지점,비주거용 건물 임대업,
센텀시티일반산업단지,(주)성우이엔지종합건축사사무소 센텀시티점,비주거용 건물 임대업,
센텀시티일반산업단지,(주)성화산철,그 외 기타 전자부품 제조업 외 1 종,
센텀시티일반산업단지,(주)세강,기타 엔지니어링 서비스업 외 1 종,
센텀시티일반산업단지,(주)세광종합기술단,건물 및 토목 엔지니어링 서비스업,
센텀시티일반산업단지,(주)세노글로벌,응용 소프트웨어 개발 및 공급업,
센텀시티일반산업단지,(주)세아인포텍,응용 소프트웨어 개발 및 공급업,
센텀시티일반산업단지,(주)세연이앤씨,비주거용 건물 임대업,
센텀시티일반산업단지,(주)세원종합상사,제품 디자인업,
센텀시티일반산업단지,(주)세유,경영 컨설팅업,
센텀시티일반산업단지,(주)세은시스템,산업처리공정 제어장비 제조업,
센텀시티일반산업단지,(주)세인폴리머,번역 및 통역 서비스업,
센텀시티일반산업단지,(주)세일글로발,비주거용 건물 임대업,
센텀시티일반산업단지,(주)세일유통,경영 컨설팅업,
센텀시티일반산업단지,(주)세종경영컨설팅,경영 컨설팅업 외 1 종,
센텀시티일반산업단지,(주)세중종합물류,기타 산업 회사 본부,
센텀시티일반산업단지,(주)세진이디에스,기타 엔지니어링 서비스업,
센텀시티일반산업단지,(주)센텀뉴부산관광,데이터베이스 및 온라인정보 제공업 외 2 종,
센텀시티일반산업단지,(주)센텀비지니스센터,비주거용 건물 임대업,
센텀시티일반산업단지,(주)센텀애드,비주거용 건물 임대업,
센텀시티일반산업단지,(주)센텀이엔지,기타 엔지니어링 서비스업,
센텀시티일반산업단지,(주)센텀인베스트먼트,비주거용 건물 임대업,
센텀시티일반산업단지,(주)센텀인터넷,컴퓨터 프로그래밍 서비스업,
센텀시티일반산업단지,(주)센텀홀딩스,비주거용 건물 임대업,
센텀시티일반산업단지,(주)셀온바이오텍,비주거용 건물 임대업,
센텀시티일반산업단지,(주)셀코,인테리어 디자인업,
센텀시티일반산업단지,(주)소마시스템,그 외 기타 전자부품 제조업 외 1 종,
센텀시티일반산업단지,(주)소백,경영 컨설팅업,
센텀시티일반산업단지,(주)소비코 부산지점,기타 음향기기 제조업 외 1 종,
센텀시티일반산업단지,(주)소프트파크,응용 소프트웨어 개발 및 공급업,
센텀시티일반산업단지,(주)소프트힐스,응용 소프트웨어 개발 및 공급업,
센텀시티일반산업단지,(주)솔라파트너스,경영 컨설팅업,
센텀시티일반산업단지,(주)솔루윈스,기타 무선 통신장비 제조업 외 2 종,
센텀시티일반산업단지,(주)솔민랩스,응용 소프트웨어 개발 및 공급업,
센텀시티일반산업단지,(주)수가디자인건축사사무소,건축설계 및 관련 서비스업,
센텀시티일반산업단지,(주)수안개발,인테리어 디자인업,
센텀시티일반산업단지,(주)수퍼유저,응용 소프트웨어 개발 및 공급업,
센텀시티일반산업단지,(주)스마일큐브,유선 온라인 게임 소프트웨어 개발 및 공급업,
센텀시티일반산업단지,(주)스마트빅,기타 주변기기 제조업 외 4 종,
센텀시티일반산업단지,(주)스카이일렉트론,비주거용 건물 임대업 외 1 종,
센텀시티일반산업단지,(주)스케일업벤처스,기타 산업 회사 본부,
센텀시티일반산업단지,(주)스콜라에듀,경영 컨설팅업,
센텀시티일반산업단지,(주)스퀘어드홀딩스,비주거용 건물 임대업,
센텀시티일반산업단지,(주)스타월드홀딩스,경영 컨설팅업,
센텀시티일반산업단지,(주)스탠다드앤블루,비주거용 건물 임대업,
센텀시티일반산업단지,(주)스토리나인,응용 소프트웨어 개발 및 공급업,
센텀시티일반산업단지,(주)스튜디오게일,애니메이션 영화 및 비디오물 제작업,
센텀시티일반산업단지,(주)스튜디오이너스,만화 출판업,
센텀시티일반산업단지,(주)스페어서브지점,기타 엔지니어링 서비스업,
센텀시티일반산업단지,(주)스페이사콤,비주거용 건물 임대업,
센텀시티일반산업단지,(주)승원엔텍,일반용 전기 조명장치 제조업 외 3 종,
센텀시티일반산업단지,(주)시그마씨앤에스,시스템 소프트웨어 개발 및 공급업,
센텀시티일반산업단지,(주)시너샛코리아,기타 산업 회사 본부,
센텀시티일반산업단지,(주)시너제닉,데이터베이스 및 온라인정보 제공업 외 2 종,
센텀시티일반산업단지,(주)시너지랩,"패션, 섬유류 및 기타 전문 디자인업",
센텀시티일반산업단지,(주)시드디자인,시각 디자인업,
센텀시티일반산업단지,(주)시리즈벤처스,경영 컨설팅업,
센텀시티일반산업단지,(주)시선아이티,응용 소프트웨어 개발 및 공급업,
센텀시티일반산업단지,(주)시스로그,컴퓨터시스템 통합 자문 및 구축 서비스업,
센텀시티일반산업단지,(주)시우이엔티,광고 대행업,
센텀시티일반산업단지,(주)시큐리티즌,응용 소프트웨어 개발 및 공급업,
센텀시티일반산업단지,(주)시큐어월,비주거용 건물 임대업,
센텀시티일반산업단지,(주)시티애드,광고 대행업,
센텀시티일반산업단지,(주)신도산업,기타 엔지니어링 서비스업,
센텀시티일반산업단지,(주)신라투어,응용 소프트웨어 개발 및 공급업,
센텀시티일반산업단지,(주)신성이엔아이,비주거용 건물 임대업,
센텀시티일반산업단지,(주)신성텍트론,경영 컨설팅업,
센텀시티일반산업단지,(주)신성텍트론지점,비주거용 건물 임대업,
센텀시티일반산업단지,(주)신성텔레콤,비주거용 건물 임대업,
센텀시티일반산업단지,(주)신승디엔씨,경영 컨설팅업,
센텀시티일반산업단지,(주)신아코퍼레이션,"패션, 섬유류 및 기타 전문 디자인업",
센텀시티일반산업단지,(주)신영인스타,기타 엔지니어링 서비스업,
센텀시티일반산업단지,(주)신우소프트리서치,시스템 소프트웨어 개발 및 공급업,
센텀시티일반산업단지,(주)신정티엠에스,기타 엔지니어링 서비스업,
센텀시티일반산업단지,(주)신화지엘에스,데이터베이스 및 온라인정보 제공업 외 2 종,
센텀시티일반산업단지,(주)싸이버로지텍,기타 산업 회사 본부,
센텀시티일반산업단지,(주)써니사이드업,유선 온라인 게임 소프트웨어 개발 및 공급업,
센텀시티일반산업단지,(주)썬포레스트쉽핑,경영 컨설팅업,
센텀시티일반산업단지,(주)쎈스텍,기기용 자동측정 및 제어장치 제조업,
센텀시티일반산업단지,(주)씨네랜드,시스템 소프트웨어 개발 및 공급업,
센텀시티일반산업단지,(주)씨네폭스,응용 소프트웨어 개발 및 공급업 외 3 종,
센텀시티일반산업단지,(주)씨넷,응용 소프트웨어 개발 및 공급업,
센텀시티일반산업단지,(주)씨드시스템,응용 소프트웨어 개발 및 공급업,
센텀시티일반산업단지,(주)씨쓰리디,기타 공학 연구개발업,
센텀시티일반산업단지,(주)씨앤씨월드와이드,컴퓨터시스템 통합 자문 및 구축 서비스업,
센텀시티일반산업단지,(주)씨앤피,기타 광학기기 및 사진기 제조업 외 1 종,
센텀시티일반산업단지,(주)씨앤피에셋,비주거용 건물 임대업,
센텀시티일반산업단지,(주)씨에스물류,기타 엔지니어링 서비스업,
센텀시티일반산업단지,(주)씨에스물류 센텀아이에스지점,비주거용 건물 임대업,
센텀시티일반산업단지,(주)씨에스물류 센텀큐비지점,비주거용 건물 임대업,
센텀시티일반산업단지,(주)씨에스물류에스에이치지점,비주거용 건물 임대업,
센텀시티일반산업단지,(주)씨에스엔아이,방송장비 제조업 외 5 종,
센텀시티일반산업단지,(주)씨에스지,응용 소프트웨어 개발 및 공급업,
센텀시티일반산업단지,(주)씨에이씨엔터테인먼트,"영화, 비디오물 및 방송프로그램 배급업",
센텀시티일반산업단지,(주)씨엠비,비주거용 건물 임대업,
센텀시티일반산업단지,(주)씨엠플랜,응용 소프트웨어 개발 및 공급업,
센텀시티일반산업단지,(주)씨웰,인테리어 디자인업 외 1 종,
센텀시티일반산업단지,(주)씨지픽셀스튜디오,애니메이션 영화 및 비디오물 제작업,
센텀시티일반산업단지,(주)씨케이이멕스,비주거용 건물 임대업,
센텀시티일반산업단지,(주)씨플러스마린텍,기타 엔지니어링 서비스업,
센텀시티일반산업단지,(주)씨플레이,유선 온라인 게임 소프트웨어 개발 및 공급업,
센텀시티일반산업단지,(주)아그니비에스,기타 엔지니어링 서비스업,
센텀시티일반산업단지,(주)아뜨리움,인테리어 디자인업,
센텀시티일반산업단지,(주)아라더엠,시스템 소프트웨어 개발 및 공급업 외 3 종,
센텀시티일반산업단지,(주)아람커뮤니케이션,응용 소프트웨어 개발 및 공급업,
센텀시티일반산업단지,(주)아람커뮤니케이션즈,시스템 소프트웨어 개발 및 공급업 외 1 종,
센텀시티일반산업단지,(주)아레나,컴퓨터시설 관리업,
센텀시티일반산업단지,(주)아리랑푸드테크,"패션, 섬유류 및 기타 전문 디자인업",
센텀시티일반산업단지,(주)아리랑플라워,경영 컨설팅업,
센텀시티일반산업단지,(주)아브코,응용 소프트웨어 개발 및 공급업,
센텀시티일반산업단지,(주)아세테크,기타 산업 회사 본부,
센텀시티일반산업단지,(주)아시아에너지,기타 엔지니어링 서비스업,
센텀시티일반산업단지,(주)아우라이엔에스,"전시, 컨벤션 및 행사 대행업",
센텀시티일반산업단지,(주)아우름기술,컴퓨터시스템 통합 자문 및 구축 서비스업,
센텀시티일반산업단지,(주)아이넷뱅크,시스템 소프트웨어 개발 및 공급업,
센텀시티일반산업단지,(주)아이디,응용 소프트웨어 개발 및 공급업 외 3 종,
센텀시티일반산업단지,(주)아이디노,응용 소프트웨어 개발 및 공급업,
센텀시티일반산업단지,(주)아이센트,응용 소프트웨어 개발 및 공급업,
센텀시티일반산업단지,(주)아이소프트,비주거용 건물 임대업,
센텀시티일반산업단지,(주)아이알컴퍼니,응용 소프트웨어 개발 및 공급업,
센텀시티일반산업단지,(주)아이액츠 부산지점,응용 소프트웨어 개발 및 공급업,
센텀시티일반산업단지,(주)아이앤에이소프트,응용 소프트웨어 개발 및 공급업,
센텀시티일반산업단지,(주)아이앤제이코리아,경영 컨설팅업,
센텀시티일반산업단지,(주)아이앤텍,컴퓨터시스템 통합 자문 및 구축 서비스업,
센텀시티일반산업단지,(주)아이에스,번역 및 통역 서비스업,
센텀시티일반산업단지,(주)아이에스건설,기타 부동산 임대업,
센텀시티일반산업단지,(주)아이에스엠,방송장비 제조업,
센텀시티일반산업단지,(주)아이에스티,인테리어 디자인업,
센텀시티일반산업단지,(주)아이엔제이코리아,경영 컨설팅업,
센텀시티일반산업단지,(주)아이엠씨,기타 인쇄물 출판업,
센텀시티일반산업단지,(주)아이엠에이해운항공,경영 컨설팅업,
센텀시티일반산업단지,(주)아이엠엔젯,경영 컨설팅업,
센텀시티일반산업단지,(주)아이오코드,응용 소프트웨어 개발 및 공급업,
센텀시티일반산업단지,(주)아이오티플렉스,기타 무선 통신장비 제조업,
센텀시티일반산업단지,(주)아이온,그 외 기타 달리 분류되지 않은 제품 제조업 외 4 종,
센텀시티일반산업단지,(주)아이지비코퍼레이션,경영 컨설팅업,
센텀시티일반산업단지,(주)아이코닉무브먼트,경영 컨설팅업,
센텀시티일반산업단지,(주)아이콘엑스,"전시, 컨벤션 및 행사 대행업",
센텀시티일반산업단지,(주)아이프로덕트,광고 대행업,
센텀시티일반산업단지,(주)아진테크,기타 엔지니어링 서비스업,
센텀시티일반산업단지,(주)아크로,컴퓨터 프로그래밍 서비스업,
센텀시티일반산업단지,(주)아테나컴퍼니,경영 컨설팅업,
센텀시티일반산업단지,(주)아트로핏,기타 엔지니어링 서비스업,
센텀시티일반산업단지,(주)아펙스,기타 엔지니어링 서비스업,
센텀시티일반산업단지,(주)알앤아이퀀텀,경영 컨설팅업,
센텀시티일반산업단지,(주)알에이유엠엔지니어링,도시계획 및 조경설계 서비스업,
센텀시티일반산업단지,(주)알트탭,응용 소프트웨어 개발 및 공급업 외 3 종,
센텀시티일반산업단지,(주)애로우윙즈,비주거용 건물 임대업,
센텀시티일반산업단지,(주)앤유,광고 대행업,
센텀시티일반산업단지,(주)앤츠 센텀지점,비디오 및 기타 영상기기 제조업 외 2 종,
센텀시티일반산업단지,(주)앱메이커,응용 소프트웨어 개발 및 공급업,
센텀시티일반산업단지,(주)야놀자,데이터베이스 및 온라인정보 제공업 외 2 종,
센텀시티일반산업단지,(주)야놀자 지사,광고 대행업,
센텀시티일반산업단지,(주)야놀자씨앤디,데이터베이스 및 온라인정보 제공업 외 2 종,
센텀시티일반산업단지,(주)야놀자에프앤지,경영 컨설팅업,
센텀시티일반산업단지,(주)양현무역,경영 컨설팅업,
센텀시티일반산업단지,(주)어메이징이앤엠,광고 대행업,
센텀시티일반산업단지,(주)어반울프게임즈,응용 소프트웨어 개발 및 공급업,
센텀시티일반산업단지,(주)어세스타,기타 인문 및 사회과학 연구개발업,
센텀시티일반산업단지,(주)어플라이드케미칼세일,비주거용 건물 임대업,
센텀시티일반산업단지,(주)에그(EGG),시스템 소프트웨어 개발 및 공급업,
센텀시티일반산업단지,(주)에너지소프트,응용 소프트웨어 개발 및 공급업,
센텀시티일반산업단지,(주)에너텍유나이티드,건물 및 토목 엔지니어링 서비스업,
센텀시티일반산업단지,(주)에버스노,비주거용 건물 임대업,
센텀시티일반산업단지,(주)에베네져,유선 온라인 게임 소프트웨어 개발 및 공급업 외 2 종,
센텀시티일반산업단지,(주)에보션,기타 광학기기 및 사진기 제조업,
센텀시티일반산업단지,(주)에스더블유아이엔씨,상업용 사진 촬영업,
센텀시티일반산업단지,(주)에스비롤,시스템 소프트웨어 개발 및 공급업,
센텀시티일반산업단지,(주)에스비메디컬네트웍스,광고 대행업,
센텀시티일반산업단지,(주)에스비티,기타 부동산 임대업,
센텀시티일반산업단지,(주)에스씨건설,건물 및 토목 엔지니어링 서비스업,
센텀시티일반산업단지,(주)에스씨티,컴퓨터시스템 통합 자문 및 구축 서비스업,
센텀시티일반산업단지,(주)에스아이디연구소,시각 디자인업,
센텀시티일반산업단지,(주)에스아이트레이딩,번역 및 통역 서비스업,
센텀시티일반산업단지,(주)에스앤엠코퍼레이션,경영 컨설팅업,
센텀시티일반산업단지,(주)에스에스케이홀딩스,컴퓨터시스템 통합 자문 및 구축 서비스업,
센텀시티일반산업단지,(주)에스에이치솔루션,기타 엔지니어링 서비스업,
센텀시티일반산업단지,(주)에스에이치케미컬,경영 컨설팅업,
센텀시티일반산업단지,(주)에스에이치케이,기타 엔지니어링 서비스업,
센텀시티일반산업단지,(주)에스엔케이어패럴,셔츠 및 블라우스 제조업,
센텀시티일반산업단지,(주)에스엘메디케어,경영 컨설팅업,
센텀시티일반산업단지,(주)에스엠제이,제조업 회사 본부,
센텀시티일반산업단지,(주)에스와이에듀,기타 산업 회사 본부,
센텀시티일반산업단지,(주)에스유지,시스템 소프트웨어 개발 및 공급업,
센텀시티일반산업단지,(주)에스제이소프트,컴퓨터 프로그래밍 서비스업 외 3 종,
센텀시티일반산업단지,(주)에스제이플러스,비주거용 건물 임대업,
센텀시티일반산업단지,(주)에스제이플러스 식스,비주거용 건물 임대업,
센텀시티일반산업단지,(주)에스제이플러스나인,비주거용 건물 임대업,
센텀시티일반산업단지,(주)에스제이플러스세븐,비주거용 건물 임대업,
센텀시티일반산업단지,(주)에스제이플러스써틴,비주거용 건물 임대업,
센텀시티일반산업단지,(주)에스제이플러스투,비주거용 건물 임대업,
센텀시티일반산업단지,(주)에스제이플러스투웰브,비주거용 건물 임대업,
센텀시티일반산업단지,(주)에스제이플러스포틴,비주거용 건물 임대업,
센텀시티일반산업단지,(주)에스티리서치,시장조사 및 여론조사업,
센텀시티일반산업단지,(주)에스티비기획,광고 대행업,
센텀시티일반산업단지,(주)에스티에이건축사사무소,건축설계 및 관련 서비스업,
센텀시티일반산업단지,(주)에스티에이건축사사무소(1008),비주거용 건물 임대업,
센텀시티일반산업단지,(주)에스티에이건축사사무소(1010),비주거용 건물 임대업,
센텀시티일반산업단지,(주)에스티엘,응용 소프트웨어 개발 및 공급업,
센텀시티일반산업단지,(주)에스티엘소프트,응용 소프트웨어 개발 및 공급업,
센텀시티일반산업단지,(주)에스티이노베이션,응용 소프트웨어 개발 및 공급업,
센텀시티일반산업단지,(주)에스피디,기타 엔지니어링 서비스업,
센텀시티일반산업단지,(주)에스피알코리아,비주거용 건물 임대업,
센텀시티일반산업단지,(주)에스피코리아,광고 영화 및 비디오물 제작업,
센텀시티일반산업단지,(주)에쓰씨케이,응용 소프트웨어 개발 및 공급업,
센텀시티일반산업단지,(주)에이건축사사무소,건축설계 및 관련 서비스업,
센텀시티일반산업단지,(주)에이도건축사사무소,비주거용 건물 임대업,
센텀시티일반산업단지,(주)에이디미담건축,인테리어 디자인업,
센텀시티일반산업단지,(주)에이디팩토리,응용 소프트웨어 개발 및 공급업,
센텀시티일반산업단지,(주)에이블,경영 컨설팅업,
센텀시티일반산업단지,(주)에이블에코,경영 컨설팅업,
센텀시티일반산업단지,(주)에이블이엑스,기타 엔지니어링 서비스업,
센텀시티일반산업단지,(주)에이블이엑스(센텀지사),비주거용 건물 임대업,
센텀시티일반산업단지,(주)에이비엠,건축설계 및 관련 서비스업,
센텀시티일반산업단지,(주)에이스에프앤비,경영 컨설팅업,
센텀시티일반산업단지,(주)에이스트,경영 컨설팅업 외 2 종,
센텀시티일반산업단지,(주)에이씨엠건축사사무소,건축설계 및 관련 서비스업,
센텀시티일반산업단지,(주)에이앤지종합건축사사무소,건축설계 및 관련 서비스업,
센텀시티일반산업단지,(주)에이엔케이,광고 대행업 외 2 종,
센텀시티일반산업단지,(주)에이엠에스,기타 엔지니어링 서비스업,
센텀시티일반산업단지,(주)에이원엔지니어링,건물 및 토목 엔지니어링 서비스업,
센텀시티일반산업단지,(주)에이취에스,경영 컨설팅업,
센텀시티일반산업단지,(주)에이치디자인그룹,인테리어 디자인업,
센텀시티일반산업단지,(주)에이치비씨코리아,기타 엔지니어링 서비스업,
센텀시티일반산업단지,(주)에이치앤티씨,기타 산업 회사 본부,
센텀시티일반산업단지,(주)에이치에스글로벌,경영 컨설팅업,
센텀시티일반산업단지,(주)에이치에스디,경영 컨설팅업,
센텀시티일반산업단지,(주)에이치에스렌텍,경영 컨설팅업,
센텀시티일반산업단지,(주)에이치에스위즈모어,기타 산업 회사 본부,
센텀시티일반산업단지,(주)에이치엔제이,광고 대행업 외 1 종,
센텀시티일반산업단지,(주)에이치엘설비엔지니어링,건축설계 및 관련 서비스업,
센텀시티일반산업단지,(주)에이치엠씨,비주거용 건물 임대업,
센텀시티일반산업단지,(주)에이텍,그 외 기타 전자부품 제조업 외 1 종,
센텀시티일반산업단지,(주)에이티에이아시아본부,"전시, 컨벤션 및 행사 대행업",
센텀시티일반산업단지,(주)에이플러스이엔지,비주거용 건물 임대업,
센텀시티일반산업단지,(주)에이피앤아이 부산지점,시스템 소프트웨어 개발 및 공급업,
센텀시티일반산업단지,(주)에이피에스 CORP,기타 엔지니어링 서비스업,
센텀시티일반산업단지,(주)에이피에스(Aps) 센텀지점,비주거용 건물 임대업,
센텀시티일반산업단지,(주)에체,환경 관련 엔지니어링 서비스업,
센텀시티일반산업단지,(주)에코넥트,시스템 소프트웨어 개발 및 공급업 외 1 종,
센텀시티일반산업단지,(주)에코마린,응용 소프트웨어 개발 및 공급업,
센텀시티일반산업단지,(주)에코스틸,번역 및 통역 서비스업 외 1 종,
센텀시티일반산업단지,(주)에코텍,경영 컨설팅업,
센텀시티일반산업단지,(주)에프에스케이,경영 컨설팅업,
센텀시티일반산업단지,(주)에프엠씨,기타 공학 연구개발업,
센텀시티일반산업단지,(주)에프엠에셋,경영 컨설팅업,
센텀시티일반산업단지,(주)엑스아이커뮤니케이션즈,응용 소프트웨어 개발 및 공급업,
센텀시티일반산업단지,(주)엑스원인터네셔널,경영 컨설팅업,
센텀시티일반산업단지,(주)엑스텍코리아,그 외 기타 분류 안된 교육기관,
센텀시티일반산업단지,(주)엔디소프트,응용 소프트웨어 개발 및 공급업,
센텀시티일반산업단지,(주)엔로비,응용 소프트웨어 개발 및 공급업,
센텀시티일반산업단지,(주)엔비엠케이,광고 대행업,
센텀시티일반산업단지,(주)엔비커머스,컴퓨터시스템 통합 자문 및 구축 서비스업 외 1 종,
센텀시티일반산업단지,(주)엔씨에스,유선 온라인 게임 소프트웨어 개발 및 공급업 외 1 종,
센텀시티일반산업단지,(주)엔에스건설,비주거용 건물 임대업,
센텀시티일반산업단지,(주)엔정보기술 부산지점,컴퓨터시스템 통합 자문 및 구축 서비스업 외 1 종,
센텀시티일반산업단지,(주)엔제이대부자산관리,비주거용 건물 임대업,
센텀시티일반산업단지,(주)엔젯오리진,비주거용 건물 임대업,
센텀시티일반산업단지,(주)엔지테크,응용 소프트웨어 개발 및 공급업 외 1 종,
센텀시티일반산업단지,(주)엔케이코퍼레이션,비주거용 건물 임대업,
센텀시티일반산업단지,(주)엔터디엔씨,경영 컨설팅업,
센텀시티일반산업단지,(주)엔티코리아,기타 엔지니어링 서비스업,
센텀시티일반산업단지,(주)엔티톡,시스템 소프트웨어 개발 및 공급업,
센텀시티일반산업단지,(주)엔플라이스튜디오,기타 게임 소프트웨어 개발 및 공급업,
센텀시티일반산업단지,(주)엘리온,제품 디자인업,
센텀시티일반산업단지,(주)엘림컴퍼니,광고 대행업,
센텀시티일반산업단지,(주)엘시티리조트,경영 컨설팅업 외 1 종,
센텀시티일반산업단지,(주)엘씨씨,경영 컨설팅업,
센텀시티일반산업단지,(주)엘에스컴퍼니,시스템 소프트웨어 개발 및 공급업,
센텀시티일반산업단지,(주)엘오디,도시계획 및 조경설계 서비스업,
센텀시티일반산업단지,(주)엘와이지해운항공,번역 및 통역 서비스업,
센텀시티일반산업단지,(주)엘지유플러스,유선 통신업,
센텀시티일반산업단지,(주)엘케이건설,건물 및 토목 엔지니어링 서비스업,
센텀시티일반산업단지,(주)엘투플랜,광고 대행업,
센텀시티일반산업단지,(주)엠게임,기타 게임 소프트웨어 개발 및 공급업,
센텀시티일반산업단지,(주)엠로지스,경영 컨설팅업,
센텀시티일반산업단지,(주)엠시스,기타 엔지니어링 서비스업,
센텀시티일반산업단지,(주)엠씨제이,경영 컨설팅업,
센텀시티일반산업단지,(주)엠아이씨,비주거용 건물 임대업,
센텀시티일반산업단지,(주)엠아이엘아이엔씨,응용 소프트웨어 개발 및 공급업,
센텀시티일반산업단지,(주)엠아이커피,경영 컨설팅업 외 1 종,
센텀시티일반산업단지,(주)엠에스토탈마린,"기타 기술 시험, 검사 및 분석업",
센텀시티일반산업단지,(주)엠에이텍,기타 엔지니어링 서비스업,
센텀시티일반산업단지,(주)엠엘에스,비주거용 건물 임대업,
센텀시티일반산업단지,(주)엠이엠인터내셔널코리아,비주거용 건물 임대업,
센텀시티일반산업단지,(주)엠제이건축사사무소,건축설계 및 관련 서비스업,
센텀시티일반산업단지,(주)엠지엘건설,경영 컨설팅업,
센텀시티일반산업단지,(주)엠케이,응용 소프트웨어 개발 및 공급업,
센텀시티일반산업단지,(주)엠케이미디어,시각 디자인업 외 7 종,
센텀시티일반산업단지,(주)엠케이컨설팅,비주거용 건물 임대업,
센텀시티일반산업단지,(주)엠케이켐텍,"물리, 화학 및 생물학 연구개발업",
센텀시티일반산업단지,(주)엠티스앤디,시스템 소프트웨어 개발 및 공급업,
센텀시티일반산업단지,(주)여경재건축사사무소,건축설계 및 관련 서비스업,
센텀시티일반산업단지,(주)여행담,포털 및 기타 인터넷 정보매개 서비스업 외 3 종,
센텀시티일반산업단지,(주)연우산업개발,경영 컨설팅업,
센텀시티일반산업단지,(주)연우홀딩스,광고 대행업,
센텀시티일반산업단지,(주)연정종합조경,비주거용 건물 임대업,
센텀시티일반산업단지,(주)영우디지탈,응용 소프트웨어 개발 및 공급업,
센텀시티일반산업단지,(주)영진소재,기타 공학 연구개발업 외 1 종,
센텀시티일반산업단지,(주)영진어패럴,광고 대행업,
센텀시티일반산업단지,(주)영진인포텍,시스템 소프트웨어 개발 및 공급업,
센텀시티일반산업단지,(주)영창기업사,기타 엔지니어링 서비스업,
센텀시티일반산업단지,(주)예백디앤씨,도시계획 및 조경설계 서비스업,
센텀시티일반산업단지,(주)예신,주방용 전기기기 제조업,
센텀시티일반산업단지,(주)오뚜기부산지점,물질성분 검사 및 분석업,
센텀시티일반산업단지,(주)오래,컴퓨터 프로그래밍 서비스업,
센텀시티일반산업단지,(주)오리엔트조선,기타 공학 연구개발업 외 1 종,
센텀시티일반산업단지,(주)오블리크게임즈,유선 온라인 게임 소프트웨어 개발 및 공급업,
센텀시티일반산업단지,(주)오성아이오타,기타 자연과학 연구개발업 외 1 종,
센텀시티일반산업단지,(주)오션엔지니어링,기타 산업 회사 본부,
센텀시티일반산업단지,(주)오션엔텍,기타 엔지니어링 서비스업,
센텀시티일반산업단지,(주)오아이에이글로벌코리아,경영 컨설팅업,
센텀시티일반산업단지,(주)오앤씨웰푸드,경영 컨설팅업,
센텀시티일반산업단지,(주)오케이티앤티,기타 엔지니어링 서비스업,
센텀시티일반산업단지,(주)오토콘,기타 엔지니어링 서비스업,
센텀시티일반산업단지,(주)오프라이스,콜센터 및 텔레마케팅 서비스업,
센텀시티일반산업단지,(주)옥천당,컴퓨터 프로그래밍 서비스업 외 1 종,
센텀시티일반산업단지,(주)온스페이스,경영 컨설팅업,
센텀시티일반산업단지,(주)온웨어,비주거용 건물 임대업,
센텀시티일반산업단지,(주)올림,광고 대행업,
센텀시티일반산업단지,(주)올마이트,경영 컨설팅업,
센텀시티일반산업단지,(주)올크립토솔루션,시스템 소프트웨어 개발 및 공급업,
센텀시티일반산업단지,(주)와드,시스템 소프트웨어 개발 및 공급업,
센텀시티일반산업단지,(주)와디인터내셔날,컴퓨터시스템 통합 자문 및 구축 서비스업,
센텀시티일반산업단지,(주)와우프라이어,기타 공학 연구개발업,
센텀시티일반산업단지,(주)와이디홀딩스,경영 컨설팅업,
센텀시티일반산업단지,(주)와이티엘,기타 엔지니어링 서비스업,
센텀시티일반산업단지,(주)와이플랜업,"전시, 컨벤션 및 행사 대행업",
센텀시티일반산업단지,(주)와인나라,경영 컨설팅업,
센텀시티일반산업단지,(주)와프코리아,경영 컨설팅업,
센텀시티일반산업단지,(주)용감한사람들,비주거용 건물 임대업,
센텀시티일반산업단지,(주)용현비엠,금속 단조제품 제조업,
센텀시티일반산업단지,(주)우리감정평가법인 부산지사,기타 산업 회사 본부,
센텀시티일반산업단지,(주)우리비투비,컴퓨터시스템 통합 자문 및 구축 서비스업,
센텀시티일반산업단지,(주)우리알앤디,인테리어 디자인업,
센텀시티일반산업단지,(주)운복,응용 소프트웨어 개발 및 공급업,
센텀시티일반산업단지,(주)웅비경영컨설팅,비주거용 건물 임대업,
센텀시티일반산업단지,(주)원미디어,"영화, 비디오물 및 방송프로그램 제작 관련 서비스업",
센텀시티일반산업단지,(주)원택,제조업 회사 본부,
센텀시티일반산업단지,(주)원팀글로벌,응용 소프트웨어 개발 및 공급업,
센텀시티일반산업단지,(주)원플랜엔지니어링,건축설계 및 관련 서비스업,
센텀시티일반산업단지,(주)월드마린서비시즈,기타 엔지니어링 서비스업 외 1 종,
센텀시티일반산업단지,(주)월드시큐리티,컴퓨터시설 관리업 외 1 종,
센텀시티일반산업단지,(주)월드코리아로직스,번역 및 통역 서비스업,
센텀시티일반산업단지,(주)월드클래스컨설팅금융서비스,기타 산업 회사 본부,
센텀시티일반산업단지,(주)월럼쉬핑코리아,경영 컨설팅업,
센텀시티일반산업단지,(주)웨이비파트너스,광고 대행업,
센텀시티일반산업단지,(주)웰디드,경영 컨설팅업,
센텀시티일반산업단지,(주)웰비아이,광고 대행업,
센텀시티일반산업단지,(주)웰코,경영 컨설팅업,
센텀시티일반산업단지,(주)웹스,제조업 회사 본부 외 1 종,
센텀시티일반산업단지,"(주)웹스, (주)웹스에이치엠",남자용 겉옷 제조업 외 233 종,
센텀시티일반산업단지,(주)위너스매니지먼트,데이터베이스 및 온라인정보 제공업 외 2 종,
센텀시티일반산업단지,(주)위누리,응용 소프트웨어 개발 및 공급업,
센텀시티일반산업단지,(주)위더스시스템즈,응용 소프트웨어 개발 및 공급업,
센텀시티일반산업단지,(주)위더스시큐리티,응용 소프트웨어 개발 및 공급업,
센텀시티일반산업단지,(주)위드런,경영 컨설팅업,
센텀시티일반산업단지,(주)위드비젼,경영 컨설팅업,
센텀시티일반산업단지,(주)위드안전,경영 컨설팅업,
센텀시티일반산업단지,(주)위드이노베이션,데이터베이스 및 온라인정보 제공업 외 2 종,
센텀시티일반산업단지,(주)위메이크,광고 대행업,
센텀시티일반산업단지,(주)위비스,기타 산업 회사 본부,
센텀시티일반산업단지,(주)위트소프트,응용 소프트웨어 개발 및 공급업,
센텀시티일반산업단지,(주)윈드밀,기타 엔지니어링 서비스업 외 3 종,
센텀시티일반산업단지,(주)윈스틸 R&D Center,비주거용 건물 임대업,
센텀시티일반산업단지,(주)윈피플,응용 소프트웨어 개발 및 공급업,
센텀시티일반산업단지,(주)유니온,비주거용 건물 임대업,
센텀시티일반산업단지,(주)유비텍,응용 소프트웨어 개발 및 공급업,
센텀시티일반산업단지,(주)유섬이엔지,도시계획 및 조경설계 서비스업,
센텀시티일반산업단지,(주)유성기획,"영화, 비디오물 및 방송프로그램 제작 관련 서비스업",
센텀시티일반산업단지,(주)유스하이텍,응용 소프트웨어 개발 및 공급업,
센텀시티일반산업단지,(주)유시스,응용 소프트웨어 개발 및 공급업,
센텀시티일반산업단지,(주)유씨시스템,기타 산업 회사 본부,
센텀시티일반산업단지,(주)유암트,기타 엔지니어링 서비스업,
센텀시티일반산업단지,(주)유앤유교육그룹,기타 정보기술 및 컴퓨터운영 관련 서비스업,
센텀시티일반산업단지,(주)유어스페이스,경영 컨설팅업,
센텀시티일반산업단지,(주)유어에셋,데이터베이스 및 온라인정보 제공업 외 2 종,
회동석대일반산업단지,"(장인수,강정자)",비주거용 건물 임대업,
회동석대일반산업단지,(주)ABB코리아,비주거용 건물 임대업,
회동석대일반산업단지,(주)고산자,데이터베이스 및 온라인정보 제공업 외 2 종,
회동석대일반산업단지,(주)고성인텍,비주거용 건물 임대업,
회동석대일반산업단지,(주)넥스트론,반도체 제조용 기계 제조업 외 4 종,
회동석대일반산업단지,(주)노만,교통 신호장치 제조업 외 2 종,
회동석대일반산업단지,(주)니토,기타 조명장치 제조업,
회동석대일반산업단지,(주)대덕정밀,금속 절삭기계 제조업,
회동석대일반산업단지,(주)대성전자,그 외 기타 전자부품 제조업 외 1 종,
회동석대일반산업단지,(주)더엠알네트웍스,컴퓨터 제조업 외 1 종,
회동석대일반산업단지,(주)드림덴탈,그 외 기타 의료용 기기 제조업,
회동석대일반산업단지,(주)마린스페이스,"기타 측정, 시험, 항해, 제어 및 정밀기기 제조업 외 4 종",
회동석대일반산업단지,(주)메딕스케어,그 외 기타 의료용 기기 제조업,
회동석대일반산업단지,(주)메타네트웍스,유선 통신장비 제조업 외 5 종,
회동석대일반산업단지,(주)바른씨앤제이,그 외 기타 정보 서비스업 외 1 종,
회동석대일반산업단지,(주)비에이치레이저테크,자동차 차체용 신품 부품 제조업,
회동석대일반산업단지,(주)비오시스(biosys),가정용 및 산업용 공기 조화장치 제조업 외 1 종,
회동석대일반산업단지,(주)비전테크,메모리용 전자집적회로 제조업 외 1 종,
회동석대일반산업단지,(주)비젼테크,비주거용 건물 임대업,
회동석대일반산업단지,(주)사이스텍,그 외 기타 전자부품 제조업,
회동석대일반산업단지,(주)세기시스템,산업용 송풍기 및 배기장치 제조업 외 13 종,
회동석대일반산업단지,(주)쉐어앤서비스,그 외 기타 의료용 기기 제조업,
회동석대일반산업단지,(주)씨오에스피,전구 및 램프 제조업 외 2 종,
회동석대일반산업단지,(주)아이비엠씨,기타 주변기기 제조업 외 1 종,
회동석대일반산업단지,(주)아이엔지건축사사무소,건축설계 및 관련 서비스업,
회동석대일반산업단지,(주)아이엔지그룹건축사사무소,건축설계 및 관련 서비스업,
회동석대일반산업단지,(주)에스제이솔루션,전자부품 실장기판 제조업,
회동석대일반산업단지,(주)영케미칼부산지점,그 외 기타 의료용 기기 제조업,
회동석대일반산업단지,(주)오토닉스,그 외 기타 전자부품 제조업 외 1 종,
회동석대일반산업단지,(주)오트로닉,기타 부동산 임대업,
회동석대일반산업단지,(주)유진이엔지,기타 무선 통신장비 제조업,
회동석대일반산업단지,(주)이레애드,"광고물 문안, 도안, 설계 등 작성업",
회동석대일반산업단지,(주)이화테크원,그 외 자동차용 신품 부품 제조업 외 5 종,
회동석대일반산업단지,(주)일링스티앤이,비디오 및 기타 영상기기 제조업,
회동석대일반산업단지,(주)제노레이,방사선 장치 제조업,
회동석대일반산업단지,(주)조무사,그 외 기타 특수목적용 기계 제조업 외 1 종,
회동석대일반산업단지,(주)청수이앤에스(지점),기타 환경 정화 및 복원업,
회동석대일반산업단지,(주)청정기술,기타 가정용 전기기기 제조업 외 2 종,
회동석대일반산업단지,(주)코리아벨로우즈,기타 부동산 임대업,
회동석대일반산업단지,(주)코시,배전반 및 전기 자동제어반 제조업,
회동석대일반산업단지,(주)코트론,전자감지장치 제조업 외 6 종,
회동석대일반산업단지,(주)테크노에프에스,기타 부동산 임대업,
회동석대일반산업단지,(주)토탈소프트뱅크,기타 주변기기 제조업 외 2 종,
회동석대일반산업단지,(주)퓨처젠,그 외 기타 정보 서비스업 외 1 종,
회동석대일반산업단지,(주)퓨처젠커머스부산지사,그 외 기타 정보 서비스업 외 1 종,
회동석대일반산업단지,(주)퓨트로닉,그 외 기타 전자부품 제조업 외 1 종,
회동석대일반산업단지,(주)필립트론,비주거용 건물 임대업,
회동석대일반산업단지,(주)한길전자,전자부품 실장기판 제조업,
회동석대일반산업단지,(주)한빛이노텍,방송장비 제조업 외 17 종,
회동석대일반산업단지,(주)화인티엠에스,"탭, 밸브 및 유사장치 제조업",
회동석대일반산업단지,M. K. TECH,배전반 및 전기 자동제어반 제조업,
회동석대일반산업단지,ST테크노,비주거용 건물 임대업,
회동석대일반산업단지,경미산업,비주거용 건물 임대업,
회동석대일반산업단지,경성,비주거용 건물 임대업,
회동석대일반산업단지,노바센(주),그 외 기타 전자부품 제조업 외 4 종,
회동석대일반산업단지,동영기업(주),배전반 및 전기 자동제어반 제조업 외 2 종,
회동석대일반산업단지,동영클린에너지협동조합,태양력 발전업,
회동석대일반산업단지,동영테크원(주),배전반 및 전기 자동제어반 제조업 외 4 종,
회동석대일반산업단지,디아이렉신메디텍(주),분말 야금제품 제조업 외 1 종,
회동석대일반산업단지,디엠케이인터내셔날,기타 가정용 전기기기 제조업,
회동석대일반산업단지,디케이모터스(주),자동차용 신품 동력전달장치 제조업 외 1 종,
회동석대일반산업단지,러브리전산,기타 주변기기 제조업,
회동석대일반산업단지,메디폴(MEDIPOL),그 외 기타 의료용 기기 제조업 외 1 종,
회동석대일반산업단지,바른컴퍼니,그 외 기타 정보 서비스업 외 1 종,
회동석대일반산업단지,부건사무기,컴퓨터 프린터 제조업,
회동석대일반산업단지,부산에이티에스(주),교통 신호장치 제조업 외 3 종,
회동석대일반산업단지,부산정보기술사업협동조합,그 외 기타 정보 서비스업 외 1 종,
회동석대일반산업단지,부산폴리머,기타 공학 연구개발업 외 1 종,
회동석대일반산업단지,삼원에프에이(주),그 외 기타 전자부품 제조업 외 10 종,
회동석대일반산업단지,삼일이엔지,유압기기 제조업 외 2 종,
회동석대일반산업단지,성진정밀,유압기기 제조업,
회동석대일반산업단지,스투케에너지코리아(주),"전기회로 개폐, 보호장치 제조업 외 2 종",
회동석대일반산업단지,액셀러론 코리아 유한회사,자동차 엔진용 신품 부품 제조업,
회동석대일반산업단지,업튼,경영 컨설팅업,
회동석대일반산업단지,에센스전자,그 외 기타 전자부품 제조업 외 1 종,
회동석대일반산업단지,에키온,비주거용 건물 임대업,
회동석대일반산업단지,엔케이에스(주),자동차 차체용 신품 부품 제조업,
회동석대일반산업단지,영진실업(주),주형 및 금형 제조업,
회동석대일반산업단지,오스템임플란트(주),치과용 기기 제조업 외 4 종,
회동석대일반산업단지,와이디일렉트로닉스(주),비메모리용 및 기타 전자집적회로 제조업 외 11 종,
회동석대일반산업단지,용주산업사,그 외 자동차용 신품 부품 제조업,
회동석대일반산업단지,우성엔지니어링,배전반 및 전기 자동제어반 제조업,
회동석대일반산업단지,위드마켓,그 외 기타 정보 서비스업 외 1 종,
회동석대일반산업단지,유한회사핸디코리아,그 외 기타 정보 서비스업 외 1 종,
회동석대일반산업단지,이마린아이씨티 주식회사,"레이더, 항행용 무선기기 및 측량기구 제조업 외 3 종",
회동석대일반산업단지,이화X-선기기,기타 주변기기 제조업,
회동석대일반산업단지,제이에스커머스,기타 조명장치 제조업,
회동석대일반산업단지,주식회사 다름,전시 및 광고용 조명장치 제조업,
회동석대일반산업단지,주식회사 다이나믹코리아,전구 및 램프 제조업 외 3 종,
회동석대일반산업단지,주식회사 디아인,금속 절삭기계 제조업,
회동석대일반산업단지,주식회사 리치라운드,가정용 전기 난방기기 제조업,
회동석대일반산업단지,주식회사 앱소,산업처리공정 제어장비 제조업,
회동석대일반산업단지,주식회사 태영WM,주형 및 금형 제조업 외 1 종,
회동석대일반산업단지,주식회사 휴메인텍 부산지점,유선 통신장비 제조업 외 6 종,
회동석대일반산업단지,주식회사 휴메인텍 부산지점(공장),유선 통신장비 제조업 외 9 종,
회동석대일반산업단지,중앙산업,기타 무선 통신장비 제조업 외 2 종,
회동석대일반산업단지,진우에이티에스(주),전자감지장치 제조업 외 3 종,
회동석대일반산업단지,케이씨씨(KCC) 유압,유압기기 제조업 외 13 종,
회동석대일반산업단지,크린테크(주),가정용 및 산업용 공기 조화장치 제조업 외 1 종,
회동석대일반산업단지,프로테크,인쇄회로기판용 적층판 제조업 외 3 종,
회동석대일반산업단지,한국산전(주),배전반 및 전기 자동제어반 제조업 외 5 종,
회동석대일반산업단지,한독메디칼,그 외 기타 의료용 기기 제조업,
회동석대일반산업단지,한올스토리,데이터베이스 및 온라인정보 제공업 외 2 종,
회동석대일반산업단지,해창정밀,주형 및 금형 제조업,
회동석대일반산업단지,홍엔지니어링,비주거용 건물 임대업,
회동석대일반산업단지,효진메디칼,그 외 기타 의료용 기기 제조업,
서김해일반산업단지,"보은1호,2호 태양광발전소",태양력 발전업,
서김해일반산업단지,아이엠티(IMT),그 외 기타 특수목적용 기계 제조업,
서김해일반산업단지,(주)남경테크윈,그 외 기타 특수목적용 기계 제조업 외 2 종,
서김해일반산업단지,(주)대륭에프.에이,배전반 및 전기 자동제어반 제조업,
서김해일반산업단지,(주)대영시스템,기타 절연선 및 케이블 제조업 외 6 종,
서김해일반산업단지,(주)대영전장시스템,기타 절연선 및 케이블 제조업,
서김해일반산업단지,(주)동성전기,전동기 및 발전기 제조업,
서김해일반산업단지,(주)두원알앤에이,산업용 냉장 및 냉동 장비 제조업,
서김해일반산업단지,(주)미래전자,자동차용 신품 제동장치 제조업,
서김해일반산업단지,(주)보림시스템,그 외 기타 금속가공업,
서김해일반산업단지,(주)보은전자,전자부품 실장기판 제조업,
서김해일반산업단지,(주)보코트,그 외 기타 금속가공업,
서김해일반산업단지,(주)부마씨이,그 외 기타 일반목적용 기계 제조업 외 2 종,
서김해일반산업단지,(주)비에스엔지니어링,유선 통신장비 제조업 외 4 종,
서김해일반산업단지,(주)성원아이앤디 제2공장,건설 및 채광용 기계장비 제조업,
서김해일반산업단지,(주)성진에이테크,그 외 기타 일반목적용 기계 제조업 외 5 종,
서김해일반산업단지,(주)세계산업,그 외 자동차용 신품 부품 제조업,
서김해일반산업단지,(주)세인테크윈,컨베이어장치 제조업,
서김해일반산업단지,(주)시공사,그 외 자동차용 신품 부품 제조업 외 10 종,
서김해일반산업단지,(주)신원기공,그 외 기타 금속가공업,
서김해일반산업단지,(주)씨엠텍,자동차용 신품 의자 제조업,
서김해일반산업단지,(주)아스프기계항공,항공기용 부품 제조업,
서김해일반산업단지,(주)아이엠티에프에이,산업용 로봇 제조업 외 1 종,
서김해일반산업단지,(주)아이테크,배전반 및 전기 자동제어반 제조업 외 6 종,
서김해일반산업단지,(주)애스앤애프,그 외 기타 의료용 기기 제조업,
서김해일반산업단지,(주)에스씨엘에너지,에너지 저장장치 제조업,
서김해일반산업단지,(주)에스에스에스,태양력 발전업,
서김해일반산업단지,(주)에스엠에스테크,금속 절삭기계 제조업 외 1 종,
서김해일반산업단지,(주)에이원테크놀로지,"전자기 측정, 시험 및 분석기구 제조업",
서김해일반산업단지,(주)에이티엠씨,그 외 기타 분류 안된 금속 가공 제품 제조업,
서김해일반산업단지,(주)에이티엠씨  제2공장,그 외 기타 분류 안된 금속 가공 제품 제조업,
서김해일반산업단지,(주)영케미칼,그 외 기타 의료용 기기 제조업,
서김해일반산업단지,(주)올텍,컨베이어장치 제조업,
서김해일반산업단지,(주)우성네이처,액체 펌프 제조업 외 9 종,
서김해일반산업단지,(주)우성테크,액체 펌프 제조업 외 7 종,
서김해일반산업단지,(주)유원전자,자동차용 신품 제동장치 제조업,
서김해일반산업단지,(주)이지테크,그 외 기타 금속가공업,
서김해일반산업단지,(주)제로스,치과용 기기 제조업,
서김해일반산업단지,(주)지에이치랩,그 외 기타 의료용 기기 제조업,
서김해일반산업단지,(주)케이엠지,그 외 기타 의료용 기기 제조업 외 7 종,
서김해일반산업단지,(주)터머솔,항공기용 부품 제조업,
서김해일반산업단지,(주)티엠솔루션,그 외 기타 전기장비 제조업,
서김해일반산업단지,(주)포스,그 외 기타 분류 안된 금속 가공 제품 제조업,
서김해일반산업단지,(주)프리폴,기체 여과기 제조업,
서김해일반산업단지,(주)한국산전,배전반 및 전기 자동제어반 제조업 외 1 종,
서김해일반산업단지,(주)한국파워테크,자동차용 신품 전기장치 제조업 외 1 종,
서김해일반산업단지,(주)해피밀,기타 기관 및 터빈 제조업,
서김해일반산업단지,(주)화영,그 외 자동차용 신품 부품 제조업,
서김해일반산업단지,금영테크,절삭가공 및 유사처리업,
서김해일반산업단지,김해시장,그 외 기타 의료용 기기 제조업 외 8 종,
서김해일반산업단지,다미태양광발전소,태양력 발전업,
서김해일반산업단지,대세철강(주),일반철물 제조업,
서김해일반산업단지,대호물류산업(주) 김해지점,그 외 기타 분류 안된 금속 가공 제품 제조업,
서김해일반산업단지,뎀스코(주),금속 주조 및 기타 야금용 기계 제조업,
서김해일반산업단지,동진정공(주),그 외 자동차용 신품 부품 제조업 외 2 종,
서김해일반산업단지,동화산업(주),"탭, 밸브 및 유사장치 제조업",
서김해일반산업단지,동희ENG,"탭, 밸브 및 유사장치 제조업 외 5 종",
서김해일반산업단지,디이아이,절연 코드세트 및 기타 도체 제조업,
서김해일반산업단지,미진공압산기 주식회사,그 외 기타 특수목적용 기계 제조업,
서김해일반산업단지,반도기전(주),기타 전기 변환장치 제조업,
서김해일반산업단지,벨고,배전반 및 전기 자동제어반 제조업 외 1 종,
서김해일반산업단지,부국정공(주),무기 및 총포탄 제조업 외 3 종,
서김해일반산업단지,새택,그 외 기타 금속가공업 외 1 종,
서김해일반산업단지,신원정밀,그 외 기타 분류 안된 금속 가공 제품 제조업,
서김해일반산업단지,알이에스(주),그 외 기타 특수목적용 기계 제조업,
서김해일반산업단지,알파곰마코리아(주),유압기기 제조업,
서김해일반산업단지,에스제이테크윈(주),구조용 금속 판제품 및 공작물 제조업,
서김해일반산업단지,에이덴(주),치과용 기기 제조업 외 1 종,
서김해일반산업단지,에이스(주),"탭, 밸브 및 유사장치 제조업",
서김해일반산업단지,에이치디건설중장비(주),건설 및 채광용 기계장비 제조업,
서김해일반산업단지,예상,그 외 자동차용 신품 부품 제조업,
서김해일반산업단지,용원크라샤 CO.,광물처리 및 취급장비 제조업,
서김해일반산업단지,용원크랴샤 CO.,광물처리 및 취급장비 제조업,
서김해일반산업단지,우성금속공업사,건설 및 채광용 기계장비 제조업,
서김해일반산업단지,이에스테크,전기회로 접속장치 제조업,
서김해일반산업단지,이에스파워 태양광발전소,태양력 발전업,
서김해일반산업단지,재성정밀,자동차 차체용 신품 부품 제조업,
서김해일반산업단지,재정정밀,주형 및 금형 제조업,
서김해일반산업단지,조은메디,금속선 가공제품 제조업,
서김해일반산업단지,주식회사 대한아이테크,그 외 기타 분류 안된 금속 가공 제품 제조업,
서김해일반산업단지,주식회사 리조인,치과용 기기 제조업 외 4 종,
서김해일반산업단지,주식회사 보은전자,전자부품 실장기판 제조업,
서김해일반산업단지,주식회사 신풍산기,컨베이어장치 제조업,
서김해일반산업단지,주식회사 에이아이로보텍,기기용 자동측정 및 제어장치 제조업 외 1 종,
서김해일반산업단지,주식회사 이룸,"금속 문, 창, 셔터 및 관련제품 제조업",
서김해일반산업단지,주식회사 이콘,배전반 및 전기 자동제어반 제조업 외 8 종,
서김해일반산업단지,주식회사 일승산업,그 외 자동차용 신품 부품 제조업,
서김해일반산업단지,주식회사 재성,태양력 발전업,
서김해일반산업단지,주식회사 한중플랜트,산업용 난방보일러 및 방열기 제조업 외 7 종,
서김해일반산업단지,태평양정기(주),기어 및 동력전달장치 제조업,
서김해일반산업단지,토성,선박 구성 부분품 제조업,
서김해일반산업단지,티엘에스(주),절연 코드세트 및 기타 도체 제조업,
서김해일반산업단지,티엠제이 주식회사,톱 및 호환성 공구 제조업,
서김해일반산업단지,티엠제이주식회사,톱 및 호환성 공구 제조업,
서김해일반산업단지,피앤피(P&P),"증류기, 열교환기 및 가스발생기 제조업",
서김해일반산업단지,합성메데아주식회사,반도체 제조용 기계 제조업,
서김해일반산업단지,화진테크,"금속 문, 창, 셔터 및 관련제품 제조업",
신평장림일반산업단지,대동기어(주) 사하공장,자동차용 신품 동력전달장치 제조업,C30320
신평장림일반산업단지,삼우금속공업(주),금속 열처리 및 도금업,C25922
신평장림일반산업단지,한진종합기계(주),기타 일반 목적용 기계 제조업,C291
신평장림일반산업단지,신평조선기자재,선박 구성 부분품 제조업,C31114
신평장림일반산업단지,장림금속정밀,기타 금속 가공제품 제조업,C259
신평장림일반산업단지,(주)동성케미컬 사하공장,기초 화학물질 제조업,C201
신평장림일반산업단지,(주)부산정밀기계,공작기계 제조업,C2922
신평장림일반산업단지,(주)세기텍,자동차 부품 제조업,C303
신평장림일반산업단지,한국피스톤공업,내연기관 제조업,C29111
신평장림일반산업단지,우창금속,철강 주조업,C243
신평장림일반산업단지,장림수산식품(주),수산물 가공식품 제조업,C1020
부산금곡일반산업단지,(주)금곡정보통신,유선 통신장비 제조업,C264
부산금곡일반산업단지,(주)부산소프트,소프트웨어 개발 및 공급업,J582
부산금곡일반산업단지,금곡도시개발테크,기타 지식기반 서비스업,M72
부산금곡일반산업단지,센텀엔지니어링 금곡지사,"건축기술, 엔지니어링 서비스업",M721
부산금곡일반산업단지,그린텍금속,도시형 친환경 금속 가공업,C25
부산금곡일반산업단지,금곡정밀기기,"의료, 정밀 및 광학기기 제조업",C27
